"Year";"month";"SOI";"P";"Panomaly"
1876;"Jan";11.3;NA;NA
1876;"Feb";11;NA;NA
1876;"Mar";0.2;NA;NA
1876;"Apr";9.4;NA;NA
1876;"May";6.8;NA;NA
1876;"Jun";17.2;NA;NA
1876;"Jul";-5.6;NA;NA
1876;"Aug";12.3;NA;NA
1876;"Sep";10.5;NA;NA
1876;"Oct";-8;NA;NA
1876;"Nov";-2.7;NA;NA
1876;"Dec";-3;NA;NA
1877;"Jan";-9.7;NA;NA
1877;"Feb";-6.5;NA;NA
1877;"Mar";-4.7;NA;NA
1877;"Apr";-9.6;NA;NA
1877;"May";3.6;NA;NA
1877;"Jun";-16.8;NA;NA
1877;"Jul";-10.2;NA;NA
1877;"Aug";-8.2;NA;NA
1877;"Sep";-17.2;NA;NA
1877;"Oct";-16;NA;NA
1877;"Nov";-12.6;NA;NA
1877;"Dec";-12.6;NA;NA
1878;"Jan";-8.7;NA;NA
1878;"Feb";-21.1;NA;NA
1878;"Mar";-15.5;NA;NA
1878;"Apr";-8.8;NA;NA
1878;"May";2.1;NA;NA
1878;"Jun";-3.1;NA;NA
1878;"Jul";15.9;NA;NA
1878;"Aug";13;NA;NA
1878;"Sep";17.7;NA;NA
1878;"Oct";10.9;NA;NA
1878;"Nov";15.1;NA;NA
1878;"Dec";17.9;NA;NA
1879;"Jan";12.7;NA;NA
1879;"Feb";14.3;NA;NA
1879;"Mar";13.2;NA;NA
1879;"Apr";12.7;NA;NA
1879;"May";2.1;NA;NA
1879;"Jun";16.4;NA;NA
1879;"Jul";21.8;NA;NA
1879;"Aug";22.6;NA;NA
1879;"Sep";18.9;NA;NA
1879;"Oct";15.2;NA;NA
1879;"Nov";9.8;NA;NA
1879;"Dec";-5.5;NA;NA
1880;"Jan";10.8;NA;NA
1880;"Feb";7.7;NA;NA
1880;"Mar";14.3;NA;NA
1880;"Apr";5.3;NA;NA
1880;"May";12.3;NA;NA
1880;"Jun";9.1;NA;NA
1880;"Jul";1.6;NA;NA
1880;"Aug";14.3;NA;NA
1880;"Sep";8.1;NA;NA
1880;"Oct";4.8;NA;NA
1880;"Nov";7.2;NA;NA
1880;"Dec";-1.9;NA;NA
1881;"Jan";-7.3;NA;NA
1881;"Feb";-5.5;NA;NA
1881;"Mar";1.8;NA;NA
1881;"Apr";0.3;NA;NA
1881;"May";-4.3;NA;NA
1881;"Jun";-4.7;NA;NA
1881;"Jul";-5.6;NA;NA
1881;"Aug";-11.4;NA;NA
1881;"Sep";-13.6;NA;NA
1881;"Oct";-23.9;NA;NA
1881;"Nov";7.2;NA;NA
1881;"Dec";9.8;NA;NA
1882;"Jan";-6.8;NA;NA
1882;"Feb";-1.3;NA;NA
1882;"Mar";5.1;NA;NA
1882;"Apr";1.2;NA;NA
1882;"May";6.8;NA;NA
1882;"Jun";-12;NA;NA
1882;"Jul";-21.3;NA;NA
1882;"Aug";-25.6;NA;NA
1882;"Sep";-14.8;NA;NA
1882;"Oct";-2.5;NA;NA
1882;"Nov";2.6;NA;NA
1882;"Dec";10.3;NA;NA
1883;"Jan";6;NA;NA
1883;"Feb";9.1;NA;NA
1883;"Mar";-25.3;NA;NA
1883;"Apr";14.4;NA;NA
1883;"May";13.9;NA;NA
1883;"Jun";3.4;NA;NA
1883;"Jul";-10.2;NA;NA
1883;"Aug";1.4;NA;NA
1883;"Sep";-8.2;NA;NA
1883;"Oct";4.8;NA;NA
1883;"Nov";5.2;NA;NA
1883;"Dec";-15.2;NA;NA
1884;"Jan";-12.5;NA;NA
1884;"Feb";-5;NA;NA
1884;"Mar";9.4;NA;NA
1884;"Apr";-15.4;NA;NA
1884;"May";1.3;NA;NA
1884;"Jun";9.1;NA;NA
1884;"Jul";-3;NA;NA
1884;"Aug";-5;NA;NA
1884;"Sep";-7;NA;NA
1884;"Oct";4.2;NA;NA
1884;"Nov";-1.4;NA;NA
1884;"Dec";-12.6;NA;NA
1885;"Jan";-16.3;NA;NA
1885;"Feb";1.6;NA;NA
1885;"Mar";5.1;NA;NA
1885;"Apr";-0.5;NA;NA
1885;"May";-4.3;NA;NA
1885;"Jun";-14.4;NA;NA
1885;"Jul";-5;NA;NA
1885;"Aug";-9.5;NA;NA
1885;"Sep";-4;NA;NA
1885;"Oct";-17.8;NA;NA
1885;"Nov";-15.9;NA;NA
1885;"Dec";5.2;NA;NA
1886;"Jan";-0.6;NA;NA
1886;"Feb";1.6;NA;NA
1886;"Mar";2.9;NA;NA
1886;"Apr";4.5;NA;NA
1886;"May";6;NA;NA
1886;"Jun";5;NA;NA
1886;"Jul";7.4;NA;NA
1886;"Aug";13.6;NA;NA
1886;"Sep";13.5;NA;NA
1886;"Oct";13.4;NA;NA
1886;"Nov";10.5;NA;NA
1886;"Dec";14.4;NA;NA
1887;"Jan";12.2;NA;NA
1887;"Feb";11;NA;NA
1887;"Mar";10;NA;NA
1887;"Apr";9.4;NA;NA
1887;"May";-4.3;NA;NA
1887;"Jun";5;NA;NA
1887;"Jul";4.8;NA;NA
1887;"Aug";4.6;NA;NA
1887;"Sep";5.1;NA;NA
1887;"Oct";4.8;NA;NA
1887;"Nov";-5.3;NA;NA
1887;"Dec";5.2;NA;NA
1888;"Jan";-3;NA;NA
1888;"Feb";-2.2;NA;NA
1888;"Mar";-11.7;NA;NA
1888;"Apr";-23.6;NA;NA
1888;"May";-9.8;NA;NA
1888;"Jun";-16;NA;NA
1888;"Jul";-16.7;NA;NA
1888;"Aug";-8.9;NA;NA
1888;"Sep";-9.4;NA;NA
1888;"Oct";-14.7;NA;NA
1888;"Nov";-12.6;NA;NA
1888;"Dec";-2.4;NA;NA
1889;"Jan";-25.9;NA;NA
1889;"Feb";-1.7;NA;NA
1889;"Mar";-27.5;NA;NA
1889;"Apr";-0.5;NA;NA
1889;"May";-1.9;NA;NA
1889;"Jun";22;NA;NA
1889;"Jul";1.6;NA;NA
1889;"Aug";2.1;NA;NA
1889;"Sep";11.1;NA;NA
1889;"Oct";4.2;NA;NA
1889;"Nov";23;NA;NA
1889;"Dec";22;NA;NA
1890;"Jan";20.8;NA;NA
1890;"Feb";11;NA;NA
1890;"Mar";14.3;NA;NA
1890;"Apr";6.9;NA;NA
1890;"May";3.6;NA;NA
1890;"Jun";5.8;NA;NA
1890;"Jul";-2.3;NA;NA
1890;"Aug";-3.1;NA;NA
1890;"Sep";9.3;NA;NA
1890;"Oct";3.6;NA;NA
1890;"Nov";2.6;NA;NA
1890;"Dec";0.6;NA;NA
1891;"Jan";15.6;NA;NA
1891;"Feb";-3.6;NA;NA
1891;"Mar";-9.5;NA;NA
1891;"Apr";4.5;NA;NA
1891;"May";-0.3;NA;NA
1891;"Jun";-1.5;NA;NA
1891;"Jul";-6.3;NA;NA
1891;"Aug";-8.9;NA;NA
1891;"Sep";-10.6;NA;NA
1891;"Oct";0.6;NA;NA
1891;"Nov";-4.7;NA;NA
1891;"Dec";-4.5;NA;NA
1892;"Jan";2.7;NA;NA
1892;"Feb";-10.2;NA;NA
1892;"Mar";11.1;NA;NA
1892;"Apr";6.9;NA;NA
1892;"May";10;NA;NA
1892;"Jun";19.6;NA;NA
1892;"Jul";7.4;NA;NA
1892;"Aug";5.9;NA;NA
1892;"Sep";6.3;NA;NA
1892;"Oct";8.5;NA;NA
1892;"Nov";-0.7;NA;NA
1892;"Dec";3.7;NA;NA
1893;"Jan";11.3;NA;NA
1893;"Feb";7.7;NA;NA
1893;"Mar";-1.4;NA;NA
1893;"Apr";1.2;NA;NA
1893;"May";-3.5;NA;NA
1893;"Jun";10.7;NA;NA
1893;"Jul";14;NA;NA
1893;"Aug";7.8;NA;NA
1893;"Sep";5.7;NA;NA
1893;"Oct";7.9;NA;NA
1893;"Nov";2.6;NA;NA
1893;"Dec";1.6;NA;NA
1894;"Jan";17.5;NA;NA
1894;"Feb";10;NA;NA
1894;"Mar";5.6;NA;NA
1894;"Apr";-3;NA;NA
1894;"May";-5.1;NA;NA
1894;"Jun";-1.5;NA;NA
1894;"Jul";-2.3;NA;NA
1894;"Aug";-5.7;NA;NA
1894;"Sep";-1.6;NA;NA
1894;"Oct";1.8;NA;NA
1894;"Nov";7.2;NA;NA
1894;"Dec";0.1;NA;NA
1895;"Jan";5.6;NA;NA
1895;"Feb";3;NA;NA
1895;"Mar";-0.3;NA;NA
1895;"Apr";-7.1;NA;NA
1895;"May";-8.2;NA;NA
1895;"Jun";-4.7;NA;NA
1895;"Jul";-0.4;NA;NA
1895;"Aug";-6.3;NA;NA
1895;"Sep";-4;NA;NA
1895;"Oct";-5.6;NA;NA
1895;"Nov";-8.6;NA;NA
1895;"Dec";-3.5;NA;NA
1896;"Jan";1.3;NA;NA
1896;"Feb";4.9;NA;NA
1896;"Mar";-6.3;NA;NA
1896;"Apr";-8.8;NA;NA
1896;"May";-42.2;NA;NA
1896;"Jun";-30.6;NA;NA
1896;"Jul";-20.6;NA;NA
1896;"Aug";-22.4;NA;NA
1896;"Sep";-19;NA;NA
1896;"Oct";-19;NA;NA
1896;"Nov";-11.9;NA;NA
1896;"Dec";-14.2;NA;NA
1897;"Jan";-12.5;NA;NA
1897;"Feb";-7.4;NA;NA
1897;"Mar";-16.6;NA;NA
1897;"Apr";-17.8;NA;NA
1897;"May";-16.9;NA;NA
1897;"Jun";0.2;NA;NA
1897;"Jul";-2.3;NA;NA
1897;"Aug";0.8;NA;NA
1897;"Sep";0.2;NA;NA
1897;"Oct";1.8;NA;NA
1897;"Nov";-8;NA;NA
1897;"Dec";10.3;NA;NA
1898;"Jan";7;NA;NA
1898;"Feb";6.3;NA;NA
1898;"Mar";19.2;NA;NA
1898;"Apr";11.1;NA;NA
1898;"May";-1.9;NA;NA
1898;"Jun";-2.3;NA;NA
1898;"Jul";6.1;NA;NA
1898;"Aug";2.1;NA;NA
1898;"Sep";3.2;NA;NA
1898;"Oct";-0.7;NA;NA
1898;"Nov";-2.7;NA;NA
1898;"Dec";-0.4;NA;NA
1899;"Jan";13.2;NA;NA
1899;"Feb";9.1;NA;NA
1899;"Mar";13.8;NA;NA
1899;"Apr";4.5;NA;NA
1899;"May";-7.4;NA;NA
1899;"Jun";-10.4;NA;NA
1899;"Jul";-5.6;NA;NA
1899;"Aug";-10.1;NA;NA
1899;"Sep";-1.6;NA;NA
1899;"Oct";6.1;NA;NA
1899;"Nov";15.8;NA;NA
1899;"Dec";-3;NA;NA
1900;"Jan";-7.3;95.5;-5.39
1900;"Feb";-6.5;22.83;-66.23
1900;"Mar";-25.3;53.61;-21.11
1900;"Apr";-18.7;34;-11.59
1900;"May";-7.4;45.75;5.31
1900;"Jun";26.1;36;5.83
1900;"Jul";10;50.18;18
1900;"Aug";7.8;24.95;-3.56
1900;"Sep";-16.6;22.97;-3.26
1900;"Oct";-17.2;11.77;-24.52
1900;"Nov";-6;23.19;-24.12
1900;"Dec";-5.5;32.63;-39.27
1901;"Jan";-0.1;72.51;-28.38
1901;"Feb";3;61.95;-27.11
1901;"Mar";9.4;105.16;30.44
1901;"Apr";4.5;54.66;9.07
1901;"May";-0.3;33.34;-7.1
1901;"Jun";19.6;29.53;-0.64
1901;"Jul";14.6;26.24;-5.94
1901;"Aug";9.8;51.98;23.47
1901;"Sep";-16;25.29;-0.94
1901;"Oct";-22.1;35.91;-0.38
1901;"Nov";-8.6;14.74;-32.57
1901;"Dec";-1.9;19.37;-52.53
1902;"Jan";17;50.17;-50.72
1902;"Feb";-2.2;39.04;-50.02
1902;"Mar";11.6;29.08;-45.64
1902;"Apr";7.8;8.18;-37.41
1902;"May";7.6;4.96;-35.48
1902;"Jun";2.6;15.96;-14.21
1902;"Jul";1.6;10.86;-21.32
1902;"Aug";-8.9;16.96;-11.55
1902;"Sep";-17.8;15.53;-10.7
1902;"Oct";-7.4;22.93;-13.36
1902;"Nov";-3.4;32.23;-15.08
1902;"Dec";-3;84.59;12.69
1903;"Jan";-9.2;80.06;-20.83
1903;"Feb";-10.2;40.43;-48.63
1903;"Mar";17.6;121.74;47.02
1903;"Apr";17.7;61.24;15.65
1903;"May";7.6;51.98;11.54
1903;"Jun";-0.6;25.11;-5.06
1903;"Jul";6.1;42.81;10.63
1903;"Aug";0.1;25.36;-3.15
1903;"Sep";8.7;57.72;31.49
1903;"Oct";4.2;38.34;2.05
1903;"Nov";1.3;62.27;14.96
1903;"Dec";15.9;120.52;48.62
1904;"Jan";14.1;87.1;-13.79
1904;"Feb";16.2;92.11;3.05
1904;"Mar";9.4;72.66;-2.06
1904;"Apr";31.7;56.14;10.55
1904;"May";9.2;51.84;11.4
1904;"Jun";-7.1;18.45;-11.72
1904;"Jul";-8.9;35.49;3.31
1904;"Aug";0.8;17.35;-11.16
1904;"Sep";0.2;17.96;-8.27
1904;"Oct";1.2;59.5;23.21
1904;"Nov";-17.2;24.53;-22.78
1904;"Dec";2.6;63.27;-8.63
1905;"Jan";-9.2;101.75;0.86
1905;"Feb";-16.8;35.38;-53.68
1905;"Mar";-30.2;35.45;-39.27
1905;"Apr";-42.6;84.16;38.57
1905;"May";-37.4;36.42;-4.02
1905;"Jun";-31.4;26.95;-3.22
1905;"Jul";-21.3;27.69;-4.49
1905;"Aug";-7.6;13.64;-14.87
1905;"Sep";-7;15.35;-10.88
1905;"Oct";-5.6;31.36;-4.93
1905;"Nov";-17.9;29.03;-18.28
1905;"Dec";-13.1;34.92;-36.98
1906;"Jan";-3.5;75.89;-25
1906;"Feb";-7.4;135.87;46.81
1906;"Mar";-5.2;130.68;55.96
1906;"Apr";-8.8;16.66;-28.93
1906;"May";1.3;43.31;2.87
1906;"Jun";-3.9;29.96;-0.21
1906;"Jul";6.8;22.77;-9.41
1906;"Aug";15.5;38.62;10.11
1906;"Sep";18.3;75.09;48.86
1906;"Oct";9.1;50.53;14.24
1906;"Nov";21.7;69.92;22.61
1906;"Dec";4.7;79.66;7.76
1907;"Jan";5.1;104.89;4
1907;"Feb";1.6;67.6;-21.46
1907;"Mar";-0.3;62.82;-11.9
1907;"Apr";4.5;24.19;-21.4
1907;"May";10;31.22;-9.22
1907;"Jun";8.3;46.05;15.88
1907;"Jul";-4.3;23.11;-9.07
1907;"Aug";-8.2;26;-2.51
1907;"Sep";0.2;12.47;-13.76
1907;"Oct";0.6;22.51;-13.78
1907;"Nov";-2;54.8;7.49
1907;"Dec";8.8;144.33;72.43
1908;"Jan";-10.6;70.53;-30.36
1908;"Feb";7.7;112.13;23.07
1908;"Mar";0.2;119.77;45.05
1908;"Apr";16.8;41.32;-4.27
1908;"May";-1.1;22.17;-18.27
1908;"Jun";-2.3;22.9;-7.27
1908;"Jul";2.2;28.01;-4.17
1908;"Aug";5.3;32.88;4.37
1908;"Sep";17.7;26.56;0.33
1908;"Oct";7.9;43.97;7.68
1908;"Nov";2.6;39.48;-7.83
1908;"Dec";-5.5;35.86;-36.04
1909;"Jan";-2.5;85.4;-15.49
1909;"Feb";-3.2;61.87;-27.19
1909;"Mar";-0.3;82.86;8.14
1909;"Apr";-14.5;39.56;-6.03
1909;"May";2.1;24.67;-15.77
1909;"Jun";22.8;56.88;26.71
1909;"Jul";10.7;25.11;-7.07
1909;"Aug";9.8;60.12;31.61
1909;"Sep";0.8;17.23;-9
1909;"Oct";4.2;34.24;-2.05
1909;"Nov";9.2;47.75;0.44
1909;"Dec";4.7;87.73;15.83
1910;"Jan";5.6;140.46;39.57
1910;"Feb";15.2;79.55;-9.51
1910;"Mar";12.7;131.15;56.43
1910;"Apr";5.3;27.51;-18.08
1910;"May";0.5;24.14;-16.3
1910;"Jun";22;55.72;25.55
1910;"Jul";20.5;31.36;-0.82
1910;"Aug";9.8;17.03;-11.48
1910;"Sep";15.3;38.69;12.46
1910;"Oct";10.3;35.34;-0.95
1910;"Nov";19.7;66.5;19.19
1910;"Dec";15.9;86.37;14.47
1911;"Jan";3.2;170.23;69.34
1911;"Feb";1.6;142.09;53.03
1911;"Mar";3.5;76.13;1.41
1911;"Apr";2;52;6.41
1911;"May";-8.2;29.11;-11.33
1911;"Jun";-12;16.62;-13.55
1911;"Jul";-12.8;25.68;-6.5
1911;"Aug";-12.1;17.73;-10.78
1911;"Sep";-8.8;21.29;-4.94
1911;"Oct";-11.7;20.11;-16.18
1911;"Nov";-7.3;52.2;4.89
1911;"Dec";-1.4;63.9;-8
1912;"Jan";-9.7;42.09;-58.8
1912;"Feb";-17.3;59.09;-29.97
1912;"Mar";-9;73.42;-1.3
1912;"Apr";-21.1;13.21;-32.38
1912;"May";-13;11.59;-28.85
1912;"Jun";-6.3;95.61;65.44
1912;"Jul";-0.4;52.96;20.78
1912;"Aug";-7.6;20.62;-7.89
1912;"Sep";-4;21.32;-4.91
1912;"Oct";-8;30.21;-6.08
1912;"Nov";2.6;45.98;-1.33
1912;"Dec";-8;42.54;-29.36
1913;"Jan";-3.5;95.37;-5.52
1913;"Feb";-5;127.73;38.67
1913;"Mar";1.3;95.28;20.56
1913;"Apr";-6.3;45.3;-0.29
1913;"May";-8.2;57.87;17.43
1913;"Jun";-3.9;46.49;16.32
1913;"Jul";-1.7;13.35;-18.83
1913;"Aug";-7.6;12.93;-15.58
1913;"Sep";-9.4;22.89;-3.34
1913;"Oct";-9.2;26.77;-9.52
1913;"Nov";-11.9;18.32;-28.99
1913;"Dec";-7;86.35;14.45
1914;"Jan";-5.4;80.83;-20.06
1914;"Feb";2;62.63;-26.43
1914;"Mar";9.4;106.72;32
1914;"Apr";-14.5;39.77;-5.82
1914;"May";-0.3;30.85;-9.59
1914;"Jun";-16.8;45.04;14.87
1914;"Jul";-18;20.62;-11.56
1914;"Aug";-17.2;6.69;-21.82
1914;"Sep";-12.4;12.64;-13.59
1914;"Oct";-8.6;26.29;-10
1914;"Nov";-11.9;38.73;-8.58
1914;"Dec";-1.4;77.27;5.37
1915;"Jan";-21.6;54.85;-46.04
1915;"Feb";-2.2;35.43;-53.63
1915;"Mar";-20.4;21.92;-52.8
1915;"Apr";-17.8;18.39;-27.2
1915;"May";-12.2;42.6;2.16
1915;"Jun";6.6;23.98;-6.19
1915;"Jul";14;23.55;-8.63
1915;"Aug";7.2;27.74;-0.77
1915;"Sep";7.5;38.93;12.7
1915;"Oct";2.4;24.49;-11.8
1915;"Nov";-14.6;20.35;-26.96
1915;"Dec";9.8;76.91;5.01
1916;"Jan";5.6;87.07;-13.82
1916;"Feb";-3.6;74.53;-14.53
1916;"Mar";-6.3;41.3;-33.42
1916;"Apr";-0.5;49.19;3.6
1916;"May";6.8;18.84;-21.6
1916;"Jun";9.1;52.69;22.52
1916;"Jul";25.7;63.77;31.59
1916;"Aug";16.2;36.91;8.4
1916;"Sep";4.5;38.37;12.14
1916;"Oct";6.1;67.11;30.82
1916;"Nov";9.8;83.32;36.01
1916;"Dec";15.4;140.57;68.67
1917;"Jan";5.1;126.94;26.05
1917;"Feb";10;115.57;26.51
1917;"Mar";18.1;89.03;14.31
1917;"Apr";21.8;20.04;-25.55
1917;"May";21.8;28.77;-11.67
1917;"Jun";21.2;29.71;-0.46
1917;"Jul";28.3;28.5;-3.68
1917;"Aug";34.8;41.12;12.61
1917;"Sep";29.7;59.86;33.63
1917;"Oct";15.2;42.71;6.42
1917;"Nov";21;125.91;78.6
1917;"Dec";22.5;75.73;3.83
1918;"Jan";14.6;214.35;113.46
1918;"Feb";16.6;92.04;2.98
1918;"Mar";-2;46.95;-27.77
1918;"Apr";16.8;42.26;-3.33
1918;"May";10;30.81;-9.63
1918;"Jun";-4.7;16.66;-13.51
1918;"Jul";-14.1;21.71;-10.47
1918;"Aug";-4.4;36.87;8.36
1918;"Sep";-8.2;11.55;-14.68
1918;"Oct";-5;16.78;-19.51
1918;"Nov";1.3;24.62;-22.69
1918;"Dec";-8;32.75;-39.15
1919;"Jan";-14.9;68.77;-32.12
1919;"Feb";-11.2;85.59;-3.47
1919;"Mar";-12.8;44.75;-29.97
1919;"Apr";-3;33.78;-11.81
1919;"May";-7.4;49.46;9.02
1919;"Jun";-10.4;15.63;-14.54
1919;"Jul";-8.9;10.44;-21.74
1919;"Aug";-6.9;18.06;-10.45
1919;"Sep";-5.8;13.43;-12.8
1919;"Oct";-10.5;12.78;-23.51
1919;"Nov";-11.3;11.85;-35.46
1919;"Dec";-9.1;44.74;-27.16
1920;"Jan";1.8;125.66;24.77
1920;"Feb";-1.7;57.96;-31.1
1920;"Mar";-4.1;28.96;-45.76
1920;"Apr";0.3;49.89;4.3
1920;"May";-2.7;49.75;9.31
1920;"Jun";6.6;61.02;30.85
1920;"Jul";9.4;61.66;29.48
1920;"Aug";5.3;39.42;10.91
1920;"Sep";5.1;41.92;15.69
1920;"Oct";-4.3;51.68;15.39
1920;"Nov";-0.1;53.35;6.04
1920;"Dec";9.8;82.47;10.57
1921;"Jan";10.8;93.09;-7.8
1921;"Feb";6.7;61.58;-27.48
1921;"Mar";8.9;109.07;34.35
1921;"Apr";-7.1;57.68;12.09
1921;"May";2.1;52.19;11.75
1921;"Jun";22;72.98;42.81
1921;"Jul";2.9;53.61;21.43
1921;"Aug";-6.9;26.71;-1.8
1921;"Sep";5.1;44.8;18.57
1921;"Oct";9.7;42.85;6.56
1921;"Nov";8.5;29.97;-17.34
1921;"Dec";8.2;105.24;33.34
1922;"Jan";8;73.26;-27.63
1922;"Feb";9.1;114.32;25.26
1922;"Mar";5.6;35.28;-39.44
1922;"Apr";-5.5;18.82;-26.77
1922;"May";-5.1;16.03;-24.41
1922;"Jun";5.8;27.07;-3.1
1922;"Jul";2.2;41.17;8.99
1922;"Aug";-1.2;14.27;-14.24
1922;"Sep";5.1;21.85;-4.38
1922;"Oct";6.1;30.14;-6.15
1922;"Nov";8.5;18.59;-28.72
1922;"Dec";11.8;100.42;28.52
1923;"Jan";5.6;56.77;-44.12
1923;"Feb";4.4;25.01;-64.05
1923;"Mar";8.9;47.78;-26.94
1923;"Apr";8.6;25.77;-19.82
1923;"May";2.1;26.08;-14.36
1923;"Jun";1;75.59;45.42
1923;"Jul";-11.5;31.47;-0.71
1923;"Aug";-18.5;17.8;-10.71
1923;"Sep";-14.8;25.63;-0.6
1923;"Oct";-6.2;25.99;-10.3
1923;"Nov";-12.6;21.84;-25.47
1923;"Dec";2.1;78.44;6.54
1924;"Jan";-5.4;68.18;-32.71
1924;"Feb";1.1;134.45;45.39
1924;"Mar";2.4;73.3;-1.42
1924;"Apr";-15.4;53.42;7.83
1924;"May";11.5;13.63;-26.81
1924;"Jun";8.3;26.97;-3.2
1924;"Jul";7.4;26.82;-5.36
1924;"Aug";10.4;45.42;16.91
1924;"Sep";8.1;36.23;10
1924;"Oct";7.9;44.88;8.59
1924;"Nov";11.8;95.56;48.25
1924;"Dec";5.2;76.4;4.5
1925;"Jan";5.6;121.24;20.35
1925;"Feb";13.8;81.12;-7.94
1925;"Mar";14.9;93.5;18.78
1925;"Apr";14.4;17.19;-28.4
1925;"May";-1.1;41.55;1.11
1925;"Jun";-4.7;35.6;5.43
1925;"Jul";-13.4;21.16;-11.02
1925;"Aug";-10.8;30.05;1.54
1925;"Sep";-6.4;18.03;-8.2
1925;"Oct";-12.9;11.38;-24.91
1925;"Nov";-9.3;47.1;-0.21
1925;"Dec";-7;50.07;-21.83
1926;"Jan";-5.4;66.89;-34
1926;"Feb";-14.5;20.36;-68.7
1926;"Mar";-13.3;69.97;-4.75
1926;"Apr";-7.1;40.59;-5
1926;"May";-2.7;44.39;3.95
1926;"Jun";-7.1;24.58;-5.59
1926;"Jul";-1;19.64;-12.54
1926;"Aug";-7.6;19.53;-8.98
1926;"Sep";1.4;44.42;18.19
1926;"Oct";4.2;16.93;-19.36
1926;"Nov";1.3;12.8;-34.51
1926;"Dec";6.2;88.94;17.04
1927;"Jan";5.1;101.12;0.23
1927;"Feb";1.1;74.49;-14.57
1927;"Mar";18.1;60.23;-14.49
1927;"Apr";6.9;32.08;-13.51
1927;"May";6;16.38;-24.06
1927;"Jun";8.3;33.49;3.32
1927;"Jul";6.1;21.09;-11.09
1927;"Aug";-5;17.45;-11.06
1927;"Sep";-0.4;17.99;-8.24
1927;"Oct";-4.3;35.93;-0.36
1927;"Nov";-8;43.93;-3.38
1927;"Dec";7.7;98.27;26.37
1928;"Jan";-10.1;60.04;-40.85
1928;"Feb";10.5;137.8;48.74
1928;"Mar";13.8;85.51;10.79
1928;"Apr";11.9;58.12;12.53
1928;"May";-2.7;15.53;-24.91
1928;"Jun";-7.9;34.17;4
1928;"Jul";-0.4;26.56;-5.62
1928;"Aug";9.8;8.33;-20.18
1928;"Sep";8.1;13.35;-12.88
1928;"Oct";9.1;25.63;-10.66
1928;"Nov";2.6;40;-7.31
1928;"Dec";11.8;57.89;-14.01
1929;"Jan";16;99.04;-1.85
1929;"Feb";18;101.49;12.43
1929;"Mar";5.1;64.28;-10.44
1929;"Apr";4.5;68.23;22.64
1929;"May";-12.2;10.4;-30.04
1929;"Jun";1;28.96;-1.21
1929;"Jul";1.6;11.82;-20.36
1929;"Aug";0.1;20.22;-8.29
1929;"Sep";-0.4;17.16;-9.07
1929;"Oct";7.9;25.21;-11.08
1929;"Nov";11.1;39.9;-7.41
1929;"Dec";5.7;57.89;-14.01
1930;"Jan";12.7;140.29;39.4
1930;"Feb";7.7;82.92;-6.14
1930;"Mar";1.8;39.9;-34.82
1930;"Apr";-3.8;19.82;-25.77
1930;"May";2.1;57.72;17.28
1930;"Jun";-5.5;50.64;20.47
1930;"Jul";-4.3;30.58;-1.6
1930;"Aug";-1.8;29.16;0.65
1930;"Sep";-7;15.89;-10.34
1930;"Oct";3.6;72.86;36.57
1930;"Nov";1.9;32.1;-15.21
1930;"Dec";-1.4;61.89;-10.01
1931;"Jan";7;60.82;-40.07
1931;"Feb";-14.9;38.51;-50.55
1931;"Mar";5.6;81.17;6.45
1931;"Apr";8.6;54.42;8.83
1931;"May";13.1;58.68;18.24
1931;"Jun";18.8;49.27;19.1
1931;"Jul";9.4;26.13;-6.05
1931;"Aug";0.1;14.23;-14.28
1931;"Sep";5.1;27.88;1.65
1931;"Oct";-12.9;22.84;-13.45
1931;"Nov";-4.7;64.66;17.35
1931;"Dec";4.7;87.69;15.79
1932;"Jan";1.8;51.59;-49.3
1932;"Feb";-3.6;46.82;-42.24
1932;"Mar";-2.5;64.47;-10.25
1932;"Apr";-2.1;47.89;2.3
1932;"May";2.8;40.95;0.51
1932;"Jun";-4.7;27.01;-3.16
1932;"Jul";-5;21.18;-11
1932;"Aug";-6.9;23.12;-5.39
1932;"Sep";-8.8;28.23;2
1932;"Oct";-4.3;26.3;-9.99
1932;"Nov";-4.7;40.13;-7.18
1932;"Dec";3.2;58.92;-12.98
1933;"Jan";-11.1;77.06;-23.83
1933;"Feb";4.9;92.62;3.56
1933;"Mar";-2;31.25;-43.47
1933;"Apr";3.6;37.52;-8.07
1933;"May";6;24.92;-15.52
1933;"Jun";-3.9;36.63;6.46
1933;"Jul";3.5;60.71;28.53
1933;"Aug";-0.5;25.04;-3.47
1933;"Sep";2;46.11;19.88
1933;"Oct";3.6;41.83;5.54
1933;"Nov";7.2;95.46;48.15
1933;"Dec";8.2;91.22;19.32
1934;"Jan";6.5;88.56;-12.33
1934;"Feb";0.1;120.76;31.7
1934;"Mar";0.2;30.63;-44.09
1934;"Apr";6.1;54.36;8.77
1934;"May";-7.4;17.22;-23.22
1934;"Jun";10.7;32.7;2.53
1934;"Jul";2.9;43.69;11.51
1934;"Aug";-22.4;28.05;-0.46
1934;"Sep";-6.4;21.84;-4.39
1934;"Oct";4.2;60.76;24.47
1934;"Nov";13.1;65.71;18.4
1934;"Dec";-2.4;39.14;-32.76
1935;"Jan";6.5;65.74;-35.15
1935;"Feb";-4.6;46.41;-42.65
1935;"Mar";12.2;44.95;-29.77
1935;"Apr";2.8;34.71;-10.88
1935;"May";-6.6;19.47;-20.97
1935;"Jun";-2.3;45.64;15.47
1935;"Jul";-0.4;36.31;4.13
1935;"Aug";2.1;21.58;-6.93
1935;"Sep";6.3;38.61;12.38
1935;"Oct";7.3;39.71;3.42
1935;"Nov";3.9;15.72;-31.59
1935;"Dec";-4;40.88;-31.02
1936;"Jan";-2;99.35;-1.54
1936;"Feb";0.6;93.88;4.82
1936;"Mar";1.8;126.64;51.92
1936;"Apr";22.6;29.09;-16.5
1936;"May";4.4;37.25;-3.19
1936;"Jun";-1.5;42.92;12.75
1936;"Jul";4.2;46.38;14.2
1936;"Aug";-8.9;27.76;-0.75
1936;"Sep";2.6;17.44;-8.79
1936;"Oct";-0.1;18.82;-17.47
1936;"Nov";-13.9;18.58;-28.73
1936;"Dec";0.6;101.12;29.22
1937;"Jan";9.4;86.13;-14.76
1937;"Feb";-5;73.81;-15.25
1937;"Mar";6.2;101.65;26.93
1937;"Apr";2;11.44;-34.15
1937;"May";-0.3;13.86;-26.58
1937;"Jun";3.4;31.81;1.64
1937;"Jul";-5.6;17.47;-14.71
1937;"Aug";3.3;24.03;-4.48
1937;"Sep";0.8;15.91;-10.32
1937;"Oct";-2.5;27.51;-8.78
1937;"Nov";-2;46.91;-0.4
1937;"Dec";6.7;43.62;-28.28
1938;"Jan";7.5;94.7;-6.19
1938;"Feb";3.4;96.73;7.67
1938;"Mar";-3.6;31.64;-43.08
1938;"Apr";3.6;20.91;-24.68
1938;"May";13.1;42.41;1.97
1938;"Jun";18;31.67;1.5
1938;"Jul";18.5;35.9;3.72
1938;"Aug";13;28;-0.51
1938;"Sep";7.5;11.04;-15.19
1938;"Oct";12.8;36.07;-0.22
1938;"Nov";1.9;45.51;-1.8
1938;"Dec";13.8;17.88;-54.02
1939;"Jan";17;90.31;-10.58
1939;"Feb";7.7;108.03;18.97
1939;"Mar";11.6;109.12;34.4
1939;"Apr";9.4;64.61;19.02
1939;"May";-1.1;20.71;-19.73
1939;"Jun";-1.5;48.92;18.75
1939;"Jul";8.1;29.21;-2.97
1939;"Aug";-0.5;48.2;19.69
1939;"Sep";-9.4;14.59;-11.64
1939;"Oct";-14.7;42.78;6.49
1939;"Nov";-8;53.73;6.42
1939;"Dec";-8.6;44.54;-27.36
1940;"Jan";-0.1;81.91;-18.98
1940;"Feb";-4.1;160.61;71.55
1940;"Mar";-10.6;81.31;6.59
1940;"Apr";-9.6;50.9;5.31
1940;"May";-14.5;15.78;-24.66
1940;"Jun";-19.3;12.03;-18.14
1940;"Jul";-15.4;12.64;-19.54
1940;"Aug";-18.5;19.26;-9.25
1940;"Sep";-19.6;20.78;-5.45
1940;"Oct";-18.4;8.47;-27.82
1940;"Nov";-6.7;36.53;-10.78
1940;"Dec";-29.4;58.86;-13.04
1941;"Jan";-9.7;188.11;87.22
1941;"Feb";-15.4;52.81;-36.25
1941;"Mar";-10.6;133.17;58.45
1941;"Apr";-11.2;39.89;-5.7
1941;"May";-6.6;28.14;-12.3
1941;"Jun";-14.4;44.43;14.26
1941;"Jul";-20.6;15.93;-16.25
1941;"Aug";-19.1;11.94;-16.57
1941;"Sep";-8.2;16.06;-10.17
1941;"Oct";-20.2;20.29;-16
1941;"Nov";-9.3;47.7;0.39
1941;"Dec";-8.6;30.82;-41.08
1942;"Jan";-13;40.32;-60.57
1942;"Feb";-3.6;122;32.94
1942;"Mar";-5.8;29.01;-45.71
1942;"Apr";-5.5;32.98;-12.61
1942;"May";5.2;53;12.56
1942;"Jun";8.3;39.25;9.08
1942;"Jul";-1;39.23;7.05
1942;"Aug";4;19.47;-9.04
1942;"Sep";8.7;19.7;-6.53
1942;"Oct";8.5;45.27;8.98
1942;"Nov";-4;46.55;-0.76
1942;"Dec";13.8;141.57;69.67
1943;"Jan";9.4;59.45;-41.44
1943;"Feb";10.5;100.4;11.34
1943;"Mar";4;25.8;-48.92
1943;"Apr";13.5;36.03;-9.56
1943;"May";2.8;30.73;-9.71
1943;"Jun";-7.9;22.84;-7.33
1943;"Jul";2.9;17.14;-15.04
1943;"Aug";7.8;27.56;-0.95
1943;"Sep";5.7;46.74;20.51
1943;"Oct";9.1;33.64;-2.65
1943;"Nov";3.9;45.41;-1.9
1943;"Dec";-8.6;59.6;-12.3
1944;"Jan";-8.2;61.63;-39.26
1944;"Feb";3.9;129.68;40.62
1944;"Mar";5.6;43.32;-31.4
1944;"Apr";-5.5;24.56;-21.03
1944;"May";-1.1;34.22;-6.22
1944;"Jun";-3.9;21.28;-8.89
1944;"Jul";-8.9;38.88;6.7
1944;"Aug";3.3;30.49;1.98
1944;"Sep";2.6;13.04;-13.19
1944;"Oct";-8.6;15.85;-20.44
1944;"Nov";-6.7;21.07;-26.24
1944;"Dec";4.2;71.38;-0.52
1945;"Jan";5.1;64.98;-35.91
1945;"Feb";6.3;83.03;-6.03
1945;"Mar";13.2;71.52;-3.2
1945;"Apr";-7.1;28.7;-16.89
1945;"May";-0.3;30.65;-9.79
1945;"Jun";8.3;56.12;25.95
1945;"Jul";3.5;41.28;9.1
1945;"Aug";11.7;28.1;-0.41
1945;"Sep";8.7;14.71;-11.52
1945;"Oct";2.4;31.67;-4.62
1945;"Nov";-3.4;26.09;-21.22
1945;"Dec";6.7;48.78;-23.12
1946;"Jan";-2.5;139.49;38.6
1946;"Feb";4.4;101.95;12.89
1946;"Mar";-2;54.47;-20.25
1946;"Apr";-9.6;20.21;-25.38
1946;"May";-11.4;11.84;-28.6
1946;"Jun";-9.6;18.19;-11.98
1946;"Jul";-10.2;20.7;-11.48
1946;"Aug";-4.4;13.58;-14.93
1946;"Sep";-16;21.53;-4.7
1946;"Oct";-12.3;13.96;-22.33
1946;"Nov";-1.4;34.52;-12.79
1946;"Dec";-5.5;61.97;-9.93
1947;"Jan";-4.9;42.53;-58.36
1947;"Feb";-4.1;154.55;65.49
1947;"Mar";11.6;100.74;26.02
1947;"Apr";-4.6;21.23;-24.36
1947;"May";-13.7;21.64;-18.8
1947;"Jun";2.6;26.2;-3.97
1947;"Jul";9.4;25.92;-6.26
1947;"Aug";7.2;47.29;18.78
1947;"Sep";11.7;53.71;27.48
1947;"Oct";-1.9;39.1;2.81
1947;"Nov";9.2;54.25;6.94
1947;"Dec";5.2;95.63;23.73
1948;"Jan";-3;60.93;-39.96
1948;"Feb";-2.7;69.81;-19.25
1948;"Mar";-4.1;55.09;-19.63
1948;"Apr";2.8;30.21;-15.38
1948;"May";3.6;37.28;-3.16
1948;"Jun";-4.7;52.08;21.91
1948;"Jul";0.9;24.15;-8.03
1948;"Aug";-4.4;12.88;-15.63
1948;"Sep";-7.6;23.32;-2.91
1948;"Oct";6.1;20.87;-15.42
1948;"Nov";4.6;32.38;-14.93
1948;"Dec";-5.5;74.69;2.79
1949;"Jan";-7.3;70.36;-30.53
1949;"Feb";2;127.61;38.55
1949;"Mar";5.6;147.1;72.38
1949;"Apr";1.2;25.91;-19.68
1949;"May";-5.8;26.31;-14.13
1949;"Jun";-12;26.12;-4.05
1949;"Jul";-1.7;20.73;-11.45
1949;"Aug";-4.4;13.23;-15.28
1949;"Sep";2;36.83;10.6
1949;"Oct";5.4;88.89;52.6
1949;"Nov";-6;55.29;7.98
1949;"Dec";7.7;46.91;-24.99
1950;"Jan";5.1;99.95;-0.94
1950;"Feb";17.6;146.63;57.57
1950;"Mar";17.6;161.74;87.02
1950;"Apr";16.8;83.15;37.56
1950;"May";7.6;40.03;-0.41
1950;"Jun";26.9;68.49;38.32
1950;"Jul";21.1;83.71;51.53
1950;"Aug";12.3;20.13;-8.38
1950;"Sep";6.9;29.65;3.42
1950;"Oct";17.1;79.67;43.38
1950;"Nov";12.5;114.01;66.7
1950;"Dec";23;87.51;15.61
1951;"Jan";16.5;166.43;65.54
1951;"Feb";9.6;64.2;-24.86
1951;"Mar";-1.4;34.37;-40.35
1951;"Apr";-1.3;18.71;-26.88
1951;"May";-6.6;24.26;-16.18
1951;"Jun";5;47.25;17.08
1951;"Jul";-8.2;20.34;-11.84
1951;"Aug";-0.5;26.41;-2.1
1951;"Sep";-7;21.49;-4.74
1951;"Oct";-8;25.22;-11.07
1951;"Nov";-3.4;20.05;-27.26
1951;"Dec";-3;35.82;-36.08
1952;"Jan";-9.2;66.66;-34.23
1952;"Feb";-7.9;55.95;-33.11
1952;"Mar";0.2;51.05;-23.67
1952;"Apr";-8.8;62.64;17.05
1952;"May";6;54.41;13.97
1952;"Jun";7.4;47.64;17.47
1952;"Jul";3.5;28.3;-3.88
1952;"Aug";-3.7;37.5;8.99
1952;"Sep";-3.4;20.63;-5.6
1952;"Oct";1.8;61.95;25.66
1952;"Nov";-0.7;50.08;2.77
1952;"Dec";-12.6;47.49;-24.41
1953;"Jan";2.2;145.37;44.48
1953;"Feb";-6;124.83;35.77
1953;"Mar";-5.8;33.11;-41.61
1953;"Apr";-0.5;28.09;-17.5
1953;"May";-31.9;29.98;-10.46
1953;"Jun";-2.3;15.37;-14.8
1953;"Jul";-1;16.45;-15.73
1953;"Aug";-17.2;41.66;13.15
1953;"Sep";-13;21.24;-4.99
1953;"Oct";-0.1;37.01;0.72
1953;"Nov";-2;35.4;-11.91
1953;"Dec";-4;37.19;-34.71
1954;"Jan";6;131.48;30.59
1954;"Feb";-3.6;173.81;84.75
1954;"Mar";-0.9;56.56;-18.16
1954;"Apr";6.9;48.83;3.24
1954;"May";4.4;13.75;-26.69
1954;"Jun";-1.5;29.95;-0.22
1954;"Jul";4.2;39.27;7.09
1954;"Aug";10.4;33.18;4.67
1954;"Sep";4.5;19.64;-6.59
1954;"Oct";1.8;70.15;33.86
1954;"Nov";3.9;49.93;2.62
1954;"Dec";12.8;63.68;-8.22
1955;"Jan";-5.4;88.14;-12.75
1955;"Feb";15.2;174.27;85.21
1955;"Mar";2.9;123.54;48.82
1955;"Apr";-3;53.03;7.44
1955;"May";13.1;89.21;48.77
1955;"Jun";16.4;29.09;-1.08
1955;"Jul";19.2;37.21;5.03
1955;"Aug";14.9;33.08;4.57
1955;"Sep";14.1;22.69;-3.54
1955;"Oct";15.2;64.44;28.15
1955;"Nov";15.1;34.39;-12.92
1955;"Dec";9.3;48.28;-23.62
1956;"Jan";11.3;130.78;29.89
1956;"Feb";12.4;173.47;84.41
1956;"Mar";9.4;172.1;97.38
1956;"Apr";11.1;58.76;13.17
1956;"May";17.9;71.92;31.48
1956;"Jun";12.3;69.59;39.42
1956;"Jul";12.6;62.35;30.17
1956;"Aug";11;22.89;-5.62
1956;"Sep";0.2;25.58;-0.65
1956;"Oct";18.3;40.76;4.47
1956;"Nov";1.9;38.29;-9.02
1956;"Dec";10.3;115.05;43.15
1957;"Jan";5.6;92.03;-8.86
1957;"Feb";-2.2;83.77;-5.29
1957;"Mar";-0.9;73.78;-0.94
1957;"Apr";1.2;25.87;-19.72
1957;"May";-12.2;10.32;-30.12
1957;"Jun";-2.3;39.3;9.13
1957;"Jul";0.9;31.43;-0.75
1957;"Aug";-9.5;20.86;-7.65
1957;"Sep";-10.6;9.98;-16.25
1957;"Oct";-1.3;23.56;-12.73
1957;"Nov";-11.9;30.84;-16.47
1957;"Dec";-3.5;40.67;-31.23
1958;"Jan";-16.8;86.51;-14.38
1958;"Feb";-6.9;95.03;5.97
1958;"Mar";-1.4;72.61;-2.11
1958;"Apr";1.2;54.52;8.93
1958;"May";-8.2;34.44;-6
1958;"Jun";0.2;49.92;19.75
1958;"Jul";2.2;20.87;-11.31
1958;"Aug";7.8;32.82;4.31
1958;"Sep";-3.4;22.81;-3.42
1958;"Oct";-1.9;39.03;2.74
1958;"Nov";-4.7;42.23;-5.08
1958;"Dec";-6.5;63.52;-8.38
1959;"Jan";-8.7;128.01;27.12
1959;"Feb";-14;75.14;-13.92
1959;"Mar";8.4;90.45;15.73
1959;"Apr";3.6;38.82;-6.77
1959;"May";2.8;35.06;-5.38
1959;"Jun";-6.3;18.92;-11.25
1959;"Jul";-5;26.42;-5.76
1959;"Aug";-5;17.05;-11.46
1959;"Sep";0.2;23.05;-3.18
1959;"Oct";4.2;45.49;9.2
1959;"Nov";11.1;36.34;-10.97
1959;"Dec";8.2;86.49;14.59
1960;"Jan";0.3;83.11;-17.78
1960;"Feb";-2.2;95.65;6.59
1960;"Mar";5.6;43.71;-31.01
1960;"Apr";7.8;30.89;-14.7
1960;"May";5.2;56.01;15.57
1960;"Jun";-2.3;18.32;-11.85
1960;"Jul";4.8;38;5.82
1960;"Aug";6.6;22.6;-5.91
1960;"Sep";6.9;31.22;4.99
1960;"Oct";-0.7;22.81;-13.48
1960;"Nov";7.2;56.31;9
1960;"Dec";6.7;70.86;-1.04
1961;"Jan";-2.5;52.19;-48.7
1961;"Feb";6.3;82.59;-6.47
1961;"Mar";-20.9;45.07;-29.65
1961;"Apr";9.4;38.48;-7.11
1961;"May";1.3;14.32;-26.12
1961;"Jun";-3.1;21.74;-8.43
1961;"Jul";2.2;32.22;0.04
1961;"Aug";0.1;23.2;-5.31
1961;"Sep";0.8;12.51;-13.72
1961;"Oct";-5;27.84;-8.45
1961;"Nov";7.2;84.01;36.7
1961;"Dec";13.8;75.67;3.77
1962;"Jan";17;127.43;26.54
1962;"Feb";5.3;85.59;-3.47
1962;"Mar";-1.4;68.06;-6.66
1962;"Apr";1.2;35.36;-10.23
1962;"May";12.3;34.06;-6.38
1962;"Jun";5;27.43;-2.74
1962;"Jul";-0.4;31.7;-0.48
1962;"Aug";4.6;27.07;-1.44
1962;"Sep";5.1;31.41;5.18
1962;"Oct";10.3;26.39;-9.9
1962;"Nov";5.2;26.45;-20.86
1962;"Dec";0.6;106.07;34.17
1963;"Jan";9.4;123.15;22.26
1963;"Feb";3;78.9;-10.16
1963;"Mar";7.3;131;56.28
1963;"Apr";6.1;56.38;10.79
1963;"May";2.8;47.4;6.96
1963;"Jun";-9.6;31.21;1.04
1963;"Jul";-1;19.47;-12.71
1963;"Aug";-2.4;34.61;6.1
1963;"Sep";-5.2;22.1;-4.13
1963;"Oct";-12.9;22.62;-13.67
1963;"Nov";-9.3;35.73;-11.58
1963;"Dec";-11.6;46.68;-25.22
1964;"Jan";-4;94.74;-6.15
1964;"Feb";-0.3;80.33;-8.73
1964;"Mar";8.4;72.15;-2.57
1964;"Apr";13.5;42.87;-2.72
1964;"May";2.8;33.58;-6.86
1964;"Jun";7.4;30.75;0.58
1964;"Jul";6.8;36.21;4.03
1964;"Aug";14.3;22.28;-6.23
1964;"Sep";14.1;52.95;26.72
1964;"Oct";12.8;56.93;20.64
1964;"Nov";2.6;39.7;-7.61
1964;"Dec";-3;65;-6.9
1965;"Jan";-4;50.52;-50.37
1965;"Feb";1.6;25.2;-63.86
1965;"Mar";2.9;56.88;-17.84
1965;"Apr";-12.9;35.15;-10.44
1965;"May";-0.3;21.62;-18.82
1965;"Jun";-12.8;22.88;-7.29
1965;"Jul";-22.6;25.24;-6.94
1965;"Aug";-11.4;25.57;-2.94
1965;"Sep";-14.2;20.21;-6.02
1965;"Oct";-11.1;22.19;-14.1
1965;"Nov";-17.9;23.42;-23.89
1965;"Dec";1.6;99.21;27.31
1966;"Jan";-12;94.72;-6.17
1966;"Feb";-4.1;53.44;-35.62
1966;"Mar";-13.9;37.92;-36.8
1966;"Apr";-7.1;16.2;-29.39
1966;"May";-9;20.03;-20.41
1966;"Jun";1;25.89;-4.28
1966;"Jul";-1;21.38;-10.8
1966;"Aug";4;55.5;26.99
1966;"Sep";-2.2;26.52;0.29
1966;"Oct";-2.5;32.11;-4.18
1966;"Nov";-0.1;54.24;6.93
1966;"Dec";-4;49.58;-22.32
1967;"Jan";14.6;57.33;-43.56
1967;"Feb";12.9;89.02;-0.04
1967;"Mar";7.8;93.59;18.87
1967;"Apr";-3;9.57;-36.02
1967;"May";-3.5;21.98;-18.46
1967;"Jun";6.6;76.21;46.04
1967;"Jul";1.6;16;-16.18
1967;"Aug";5.9;26.87;-1.64
1967;"Sep";5.1;11.59;-14.64
1967;"Oct";-0.1;27.9;-8.39
1967;"Nov";-4;22.92;-24.39
1967;"Dec";-5.5;51.34;-20.56
1968;"Jan";4.1;129.48;28.59
1968;"Feb";9.6;116.08;27.02
1968;"Mar";-3;50.03;-24.69
1968;"Apr";-3;54.93;9.34
1968;"May";14.7;81.63;41.19
1968;"Jun";12.3;17.06;-13.11
1968;"Jul";7.4;35.64;3.46
1968;"Aug";0.1;32.64;4.13
1968;"Sep";-2.8;15.87;-10.36
1968;"Oct";-1.9;18.66;-17.63
1968;"Nov";-3.4;24.68;-22.63
1968;"Dec";2.1;58.25;-13.65
1969;"Jan";-13.5;58.46;-42.43
1969;"Feb";-6.9;65.71;-23.35
1969;"Mar";1.8;75.96;1.24
1969;"Apr";-8.8;23.01;-22.58
1969;"May";-6.6;39.82;-0.62
1969;"Jun";-0.6;27.63;-2.54
1969;"Jul";-6.9;28.35;-3.83
1969;"Aug";-4.4;23.62;-4.89
1969;"Sep";-10.6;22;-4.23
1969;"Oct";-11.7;43.12;6.83
1969;"Nov";-0.1;39.56;-7.75
1969;"Dec";3.7;75.52;3.62
1970;"Jan";-10.1;75.68;-25.21
1970;"Feb";-10.7;76.69;-12.37
1970;"Mar";1.8;72.78;-1.94
1970;"Apr";-4.6;39.68;-5.91
1970;"May";2.1;15.59;-24.85
1970;"Jun";9.9;15.79;-14.38
1970;"Jul";-5.6;11.24;-20.94
1970;"Aug";4;30.28;1.77
1970;"Sep";12.9;50.42;24.19
1970;"Oct";10.3;28.22;-8.07
1970;"Nov";19.7;60.77;13.46
1970;"Dec";17.4;101.87;29.97
1971;"Jan";2.7;86.13;-14.76
1971;"Feb";15.7;135.68;46.62
1971;"Mar";19.2;118.74;44.02
1971;"Apr";22.6;62.87;17.28
1971;"May";9.2;22.69;-17.75
1971;"Jun";2.6;22.04;-8.13
1971;"Jul";1.6;29.76;-2.42
1971;"Aug";14.9;37.45;8.94
1971;"Sep";15.9;26.95;0.72
1971;"Oct";17.7;29.27;-7.02
1971;"Nov";7.2;51.67;4.36
1971;"Dec";2.1;85.74;13.84
1972;"Jan";3.7;117.6;16.71
1972;"Feb";8.2;102.73;13.67
1972;"Mar";2.4;86.68;11.96
1972;"Apr";-5.5;29.88;-15.71
1972;"May";-16.1;24.1;-16.34
1972;"Jun";-12;13.81;-16.36
1972;"Jul";-18.6;12.3;-19.88
1972;"Aug";-8.9;22.87;-5.64
1972;"Sep";-14.8;13.1;-13.13
1972;"Oct";-11.1;36.91;0.62
1972;"Nov";-3.4;51.81;4.5
1972;"Dec";-12.1;26.93;-44.97
1973;"Jan";-3;87.01;-13.88
1973;"Feb";-13.5;172.36;83.3
1973;"Mar";0.8;89.45;14.73
1973;"Apr";-2.1;40.36;-5.23
1973;"May";2.8;25.09;-15.35
1973;"Jun";12.3;35.94;5.77
1973;"Jul";6.1;48.69;16.51
1973;"Aug";12.3;35.22;6.71
1973;"Sep";13.5;42.75;16.52
1973;"Oct";9.7;56.88;20.59
1973;"Nov";31.6;101.71;54.4
1973;"Dec";16.9;125.49;53.59
1974;"Jan";20.8;343.5;242.61
1974;"Feb";16.2;110.16;21.1
1974;"Mar";20.3;104.73;30.01
1974;"Apr";11.1;76.95;31.36
1974;"May";10.7;46.29;5.85
1974;"Jun";2.6;19.06;-11.11
1974;"Jul";12;27.09;-5.09
1974;"Aug";6.6;43.54;15.03
1974;"Sep";12.3;32.45;6.22
1974;"Oct";8.5;43.77;7.48
1974;"Nov";-1.4;50.44;3.13
1974;"Dec";-0.9;60.55;-11.35
1975;"Jan";-4.9;97.38;-3.51
1975;"Feb";5.3;113.49;24.43
1975;"Mar";11.6;83.97;9.25
1975;"Apr";14.4;28.79;-16.8
1975;"May";6;16.14;-24.3
1975;"Jun";15.5;37.01;6.84
1975;"Jul";21.1;29.18;-3
1975;"Aug";20.7;32.28;3.77
1975;"Sep";22.5;45.67;19.44
1975;"Oct";17.7;83.1;46.81
1975;"Nov";13.8;34.86;-12.45
1975;"Dec";19.5;154.84;82.94
1976;"Jan";11.8;152.8;51.91
1976;"Feb";12.9;173.33;84.27
1976;"Mar";13.2;87.17;12.45
1976;"Apr";1.2;23.89;-21.7
1976;"May";2.1;16.49;-23.95
1976;"Jun";0.2;22.29;-7.88
1976;"Jul";-12.8;26.37;-5.81
1976;"Aug";-12.1;14.81;-13.7
1976;"Sep";-13;27.24;1.01
1976;"Oct";3;56.01;19.72
1976;"Nov";9.8;58.73;11.42
1976;"Dec";-3;84.6;12.7
1977;"Jan";-4;88.97;-11.92
1977;"Feb";7.7;156.46;67.4
1977;"Mar";-9.5;102.95;28.23
1977;"Apr";-9.6;41.54;-4.05
1977;"May";-11.4;80.88;40.44
1977;"Jun";-17.7;22;-8.17
1977;"Jul";-14.7;12.31;-19.87
1977;"Aug";-12.1;9.5;-19.01
1977;"Sep";-9.4;14.41;-11.82
1977;"Oct";-12.9;13.83;-22.46
1977;"Nov";-14.6;37.27;-10.04
1977;"Dec";-10.6;51.68;-20.22
1978;"Jan";-3;112.87;11.98
1978;"Feb";-24.4;57.12;-31.94
1978;"Mar";-5.8;53.97;-20.75
1978;"Apr";-7.9;35.21;-10.38
1978;"May";16.3;60.32;19.88
1978;"Jun";5.8;46.51;16.34
1978;"Jul";6.1;65.42;33.24
1978;"Aug";1.4;33.02;4.51
1978;"Sep";0.8;57.13;30.9
1978;"Oct";-6.2;33.74;-2.55
1978;"Nov";-2;53.83;6.52
1978;"Dec";-0.9;78.39;6.49
1979;"Jan";-4;134.38;33.49
1979;"Feb";6.7;113.75;24.69
1979;"Mar";-3;82.46;7.74
1979;"Apr";-5.5;35.43;-10.16
1979;"May";3.6;32.31;-8.13
1979;"Jun";5.8;30.75;0.58
1979;"Jul";-8.2;13.1;-19.08
1979;"Aug";-5;20.31;-8.2
1979;"Sep";1.4;32.85;6.62
1979;"Oct";-2.5;33.98;-2.31
1979;"Nov";-4.7;33.85;-13.46
1979;"Dec";-7.5;34.9;-37
1980;"Jan";3.2;96.57;-4.32
1980;"Feb";1.1;75.12;-13.94
1980;"Mar";-8.5;51.93;-22.79
1980;"Apr";-12.9;28.99;-16.6
1980;"May";-3.5;47.46;7.02
1980;"Jun";-4.7;19.97;-10.2
1980;"Jul";-1.7;26.85;-5.33
1980;"Aug";1.4;21.12;-7.39
1980;"Sep";-5.2;12.15;-14.08
1980;"Oct";-1.9;34.73;-1.56
1980;"Nov";-3.4;18.84;-28.47
1980;"Dec";-0.9;59.94;-11.96
1981;"Jan";2.7;161.95;61.06
1981;"Feb";-3.2;124.65;35.59
1981;"Mar";-16.6;30.37;-44.35
1981;"Apr";-5.5;36.22;-9.37
1981;"May";7.6;76.76;36.32
1981;"Jun";11.5;49.1;18.93
1981;"Jul";9.4;57.11;24.93
1981;"Aug";5.9;24.9;-3.61
1981;"Sep";7.5;14.49;-11.74
1981;"Oct";-5;31.99;-4.3
1981;"Nov";2.6;72.4;25.09
1981;"Dec";4.7;55.53;-16.37
1982;"Jan";9.4;86.95;-13.94
1982;"Feb";0.6;45.97;-43.09
1982;"Mar";2.4;99.25;24.53
1982;"Apr";-3.8;31.8;-13.79
1982;"May";-8.2;19.16;-21.28
1982;"Jun";-20.1;11.44;-18.73
1982;"Jul";-19.3;9.53;-22.65
1982;"Aug";-23.6;7.25;-21.26
1982;"Sep";-21.4;22.17;-4.06
1982;"Oct";-20.2;16.01;-20.28
1982;"Nov";-31.1;13.31;-34
1982;"Dec";-21.3;45.23;-26.67
1983;"Jan";-30.6;54.91;-45.98
1983;"Feb";-33.3;31.72;-57.34
1983;"Mar";-28;94;19.28
1983;"Apr";-17;95.83;50.24
1983;"May";6;113.3;72.86
1983;"Jun";-3.1;37.16;6.99
1983;"Jul";-7.6;25.38;-6.8
1983;"Aug";0.1;32.3;3.79
1983;"Sep";9.9;27.71;1.48
1983;"Oct";4.2;36.22;-0.07
1983;"Nov";-0.7;79.12;31.81
1983;"Dec";0.1;56.65;-15.25
1984;"Jan";1.3;193.77;92.88
1984;"Feb";5.8;99.9;10.84
1984;"Mar";-5.8;56.07;-18.65
1984;"Apr";2;37.98;-7.61
1984;"May";-0.3;10.28;-30.16
1984;"Jun";-8.7;19.81;-10.36
1984;"Jul";2.2;83.86;51.68
1984;"Aug";2.7;28.11;-0.4
1984;"Sep";2;31.96;5.73
1984;"Oct";-5;38.11;1.82
1984;"Nov";3.9;38.68;-8.63
1984;"Dec";-1.4;70.64;-1.26
1985;"Jan";-3.5;42.2;-58.69
1985;"Feb";6.7;59.89;-29.17
1985;"Mar";-2;62.74;-11.98
1985;"Apr";14.4;35.34;-10.25
1985;"May";2.8;30.89;-9.55
1985;"Jun";-9.6;43.16;12.99
1985;"Jul";-2.3;32.05;-0.13
1985;"Aug";8.5;37.95;9.44
1985;"Sep";0.2;17.87;-8.36
1985;"Oct";-5.6;59.4;23.11
1985;"Nov";-1.4;82.04;34.73
1985;"Dec";2.1;73.89;1.99
1986;"Jan";8;71.66;-29.23
1986;"Feb";-10.7;59.4;-29.66
1986;"Mar";0.8;13.91;-60.81
1986;"Apr";1.2;26.8;-18.79
1986;"May";-6.6;38.8;-1.64
1986;"Jun";10.7;17.07;-13.1
1986;"Jul";2.2;58.71;26.53
1986;"Aug";-7.6;34.69;6.18
1986;"Sep";-5.2;28.34;2.11
1986;"Oct";6.1;62.28;25.99
1986;"Nov";-13.9;42.07;-5.24
1986;"Dec";-13.6;48.81;-23.09
1987;"Jan";-6.3;87.67;-13.22
1987;"Feb";-12.6;94.82;5.76
1987;"Mar";-16.6;55.25;-19.47
1987;"Apr";-24.4;20.02;-25.57
1987;"May";-21.6;36.88;-3.56
1987;"Jun";-20.1;45.71;15.54
1987;"Jul";-18.6;22.92;-9.26
1987;"Aug";-14;33.34;4.83
1987;"Sep";-11.2;12.8;-13.43
1987;"Oct";-5.6;36.67;0.38
1987;"Nov";-1.4;47.53;0.22
1987;"Dec";-4.5;82.47;10.57
1988;"Jan";-1.1;44.13;-56.76
1988;"Feb";-5;69.23;-19.83
1988;"Mar";2.4;51.84;-22.88
1988;"Apr";-1.3;83.16;37.57
1988;"May";10;40.88;0.44
1988;"Jun";-3.9;32.12;1.95
1988;"Jul";11.3;56.85;24.67
1988;"Aug";14.9;39.31;10.8
1988;"Sep";20.1;32.38;6.15
1988;"Oct";14.6;17.59;-18.7
1988;"Nov";21;46.1;-1.21
1988;"Dec";10.8;117.44;45.54
1989;"Jan";13.2;57.06;-43.83
1989;"Feb";9.1;67.73;-21.33
1989;"Mar";6.7;114.1;39.38
1989;"Apr";21;106.5;60.91
1989;"May";14.7;77.9;37.46
1989;"Jun";7.4;39.66;9.49
1989;"Jul";9.4;34.59;2.41
1989;"Aug";-6.3;19.35;-9.16
1989;"Sep";5.7;10.97;-15.26
1989;"Oct";7.3;38.08;1.79
1989;"Nov";-2;78.6;31.29
1989;"Dec";-5;51.65;-20.25
1990;"Jan";-1.1;45.54;-55.35
1990;"Feb";-17.3;54.72;-34.34
1990;"Mar";-8.5;98.67;23.95
1990;"Apr";-0.5;138.4;92.81
1990;"May";13.1;66.56;26.12
1990;"Jun";1;43.92;13.75
1990;"Jul";5.5;35.88;3.7
1990;"Aug";-5;26.3;-2.21
1990;"Sep";-7.6;17.99;-8.24
1990;"Oct";1.8;24.27;-12.02
1990;"Nov";-5.3;14.88;-32.43
1990;"Dec";-2.4;62.32;-9.58
1991;"Jan";5.1;204.61;103.72
1991;"Feb";0.6;155.82;66.76
1991;"Mar";-10.6;18.82;-55.9
1991;"Apr";-12.9;14.49;-31.1
1991;"May";-19.3;23.97;-16.47
1991;"Jun";-5.5;43.6;13.43
1991;"Jul";-1.7;29.56;-2.62
1991;"Aug";-7.6;20.46;-8.05
1991;"Sep";-16.6;16.27;-9.96
1991;"Oct";-12.9;12.26;-24.03
1991;"Nov";-7.3;35.17;-12.14
1991;"Dec";-16.7;77.72;5.82
1992;"Jan";-25.4;53.37;-47.52
1992;"Feb";-9.3;135.89;46.83
1992;"Mar";-24.2;28.23;-46.49
1992;"Apr";-18.7;29.2;-16.39
1992;"May";0.5;42.46;2.02
1992;"Jun";-12.8;15.98;-14.19
1992;"Jul";-6.9;18.93;-13.25
1992;"Aug";1.4;33.23;4.72
1992;"Sep";0.8;37.92;11.69
1992;"Oct";-17.2;36;-0.29
1992;"Nov";-7.3;50.3;2.99
1992;"Dec";-5.5;113.19;41.29
1993;"Jan";-8.2;94.4;-6.49
1993;"Feb";-7.9;93.38;4.32
1993;"Mar";-8.5;34.14;-40.58
1993;"Apr";-21.1;8.52;-37.07
1993;"May";-8.2;21.23;-19.21
1993;"Jun";-16;22.66;-7.51
1993;"Jul";-10.8;53.54;21.36
1993;"Aug";-14;25.51;-3
1993;"Sep";-7.6;41.96;15.73
1993;"Oct";-13.5;44.71;8.42
1993;"Nov";0.6;43.94;-3.37
1993;"Dec";1.6;72.13;0.23
1994;"Jan";-1.6;53.54;-47.35
1994;"Feb";0.6;113.82;24.76
1994;"Mar";-10.6;81.69;6.97
1994;"Apr";-22.8;16.09;-29.5
1994;"May";-13;15.09;-25.35
1994;"Jun";-10.4;21.82;-8.35
1994;"Jul";-18;12.38;-19.8
1994;"Aug";-17.2;9.41;-19.1
1994;"Sep";-17.2;11.07;-15.16
1994;"Oct";-14.1;23.08;-13.21
1994;"Nov";-7.3;39.74;-7.57
1994;"Dec";-11.6;36.28;-35.62
1995;"Jan";-4;122;21.11
1995;"Feb";-2.7;98.53;9.47
1995;"Mar";3.5;60.24;-14.48
1995;"Apr";-16.2;21.83;-23.76
1995;"May";-9;51.63;11.19
1995;"Jun";-1.5;30.26;0.09
1995;"Jul";4.2;20.86;-11.32
1995;"Aug";0.8;19.59;-8.92
1995;"Sep";3.2;27.94;1.71
1995;"Oct";-1.3;43.48;7.19
1995;"Nov";1.3;66.17;18.86
1995;"Dec";-5.5;59.86;-12.04
1996;"Jan";8.4;141.96;41.07
1996;"Feb";1.1;50.6;-38.46
1996;"Mar";6.2;65.26;-9.46
1996;"Apr";7.8;32.21;-13.38
1996;"May";1.3;47.2;6.76
1996;"Jun";13.9;30.46;0.29
1996;"Jul";6.8;44.54;12.36
1996;"Aug";4.6;35.56;7.05
1996;"Sep";6.9;36.09;9.86
1996;"Oct";4.2;49.05;12.76
1996;"Nov";-0.1;35.86;-11.45
1996;"Dec";7.2;73.01;1.11
1997;"Jan";4.1;104.22;3.33
1997;"Feb";13.3;122.87;33.81
1997;"Mar";-8.5;78.5;3.78
1997;"Apr";-16.2;8.03;-37.56
1997;"May";-22.4;42.92;2.48
1997;"Jun";-24.1;20.85;-9.32
1997;"Jul";-9.5;12.05;-20.13
1997;"Aug";-19.8;16.29;-12.22
1997;"Sep";-14.8;35.04;8.81
1997;"Oct";-17.8;26.89;-9.4
1997;"Nov";-15.2;46.62;-0.69
1997;"Dec";-9.1;99.2;27.3
1998;"Jan";-23.5;114.54;13.65
1998;"Feb";-19.2;83.78;-5.28
1998;"Mar";-28.5;39.97;-34.75
1998;"Apr";-24.4;64.35;18.76
1998;"May";0.5;36.9;-3.54
1998;"Jun";9.9;45.88;15.71
1998;"Jul";14.6;56.65;24.47
1998;"Aug";9.8;49.91;21.4
1998;"Sep";11.1;59.42;33.19
1998;"Oct";10.9;47.69;11.4
1998;"Nov";12.5;73.09;25.78
1998;"Dec";13.3;61.93;-9.97
1999;"Jan";15.6;115.54;14.65
1999;"Feb";8.6;96.79;7.73
1999;"Mar";8.9;96.61;21.89
1999;"Apr";18.5;49.24;3.65
1999;"May";1.3;25.74;-14.7
1999;"Jun";1;29.43;-0.74
1999;"Jul";4.8;28.26;-3.92
1999;"Aug";2.1;24.99;-3.52
1999;"Sep";-0.4;17.71;-8.52
1999;"Oct";9.1;47.15;10.86
1999;"Nov";13.1;93.94;46.63
1999;"Dec";12.8;107.19;35.29
2000;"Jan";5.1;58.31;-42.58
2000;"Feb";12.9;150.98;61.92
2000;"Mar";9.4;69.25;-5.47
2000;"Apr";16.8;74.42;28.83
2000;"May";3.6;43.44;3
2000;"Jun";-5.5;31.79;1.62
2000;"Jul";-3.7;18.11;-14.07
2000;"Aug";5.3;23.32;-5.19
2000;"Sep";9.9;17.79;-8.44
2000;"Oct";9.7;68.54;32.25
2000;"Nov";22.4;119.32;72.01
2000;"Dec";7.7;120.98;49.08
2001;"Jan";8.4;60.06;-40.83
2001;"Feb";11.9;103.5;14.44
2001;"Mar";6.7;72.87;-1.85
2001;"Apr";0.3;25.26;-20.33
2001;"May";-9;13.56;-26.88
2001;"Jun";1.8;32.26;2.09
2001;"Jul";-3.7;27.64;-4.54
2001;"Aug";-8.2;20.37;-8.14
2001;"Sep";1.4;18.37;-7.86
2001;"Oct";-1.9;45.11;8.82
2001;"Nov";7.2;59.52;12.21
2001;"Dec";-9.1;48.57;-23.33
2002;"Jan";2.7;77.91;-22.98
2002;"Feb";7.7;109.06;20
2002;"Mar";-5.2;35.4;-39.32
2002;"Apr";-3.8;16.48;-29.11
2002;"May";-14.5;14.44;-26
2002;"Jun";-6.3;26.39;-3.78
2002;"Jul";-7.6;10.63;-21.55
2002;"Aug";-14.6;21.27;-7.24
2002;"Sep";-8.2;17.86;-8.37
2002;"Oct";-7.4;9.94;-26.35
2002;"Nov";-6;16.03;-31.28
2002;"Dec";-10.6;36.26;-35.64
2003;"Jan";-2;50.28;-50.61
2003;"Feb";-7.4;130.68;41.62
2003;"Mar";-6.8;55.31;-19.41
2003;"Apr";-5.5;37.15;-8.44
2003;"May";-7.4;23.16;-17.28
2003;"Jun";-12;31.76;1.59
2003;"Jul";2.9;25.55;-6.63
2003;"Aug";-1.8;37.76;9.25
2003;"Sep";-2.2;12.76;-13.47
2003;"Oct";-1.9;34.61;-1.68
2003;"Nov";-3.4;22.47;-24.84
2003;"Dec";9.3;78.13;6.23
2004;"Jan";-11.6;135.36;34.47
2004;"Feb";9.1;93.96;4.9
2004;"Mar";0.2;50.97;-23.75
2004;"Apr";-15.4;30.24;-15.35
2004;"May";13.1;22.07;-18.37
2004;"Jun";-15.2;23.3;-6.87
2004;"Jul";-6.9;18.33;-13.85
2004;"Aug";-7.6;21.78;-6.73
2004;"Sep";-2.8;22.23;-4
2004;"Oct";-3.7;26.49;-9.8
2004;"Nov";-8.6;52.97;5.66
2004;"Dec";-8;92.11;20.21
2005;"Jan";1.8;97.18;-3.71
2005;"Feb";-28.6;52.15;-36.91
2005;"Mar";0.2;31.33;-43.39
2005;"Apr";-11.2;13.94;-31.65
2005;"May";-14.5;19.8;-20.64
2005;"Jun";2.6;77.49;47.32
2005;"Jul";0.9;25.4;-6.78
2005;"Aug";-6.9;29.75;1.24
2005;"Sep";3.9;28.32;2.09
2005;"Oct";10.9;49.25;12.96
2005;"Nov";-2;49.52;2.21
2005;"Dec";0.1;41.85;-30.05
2006;"Jan";12.7;103.43;2.54
2006;"Feb";0.1;48.93;-40.13
2006;"Mar";13.8;88.27;13.55
2006;"Apr";14.4;86.36;40.77
2006;"May";-9.8;20.89;-19.55
2006;"Jun";-6.3;30.34;0.17
2006;"Jul";-7.6;40.16;7.98
2006;"Aug";-15.9;10.35;-18.16
2006;"Sep";-5.8;20.89;-5.34
2006;"Oct";-16;6.52;-29.77
2006;"Nov";-1.4;24.85;-22.46
2006;"Dec";-3.5;42.06;-29.84
2007;"Jan";-7.8;116.24;15.35
2007;"Feb";-2.7;91.55;2.49
2007;"Mar";-1.4;58.81;-15.91
2007;"Apr";-3;19.58;-26.01
2007;"May";-2.7;33.82;-6.62
2007;"Jun";5;79.23;49.06
2007;"Jul";-5;13.41;-18.77
2007;"Aug";2.7;25.22;-3.29
2007;"Sep";1.4;14.57;-11.66
2007;"Oct";5.4;26.59;-9.7
2007;"Nov";9.2;62.99;15.68
2007;"Dec";14.4;104.86;32.96
2008;"Jan";14.1;126.29;25.4
2008;"Feb";21.3;135.42;46.36
2008;"Mar";12.2;39.82;-34.9
2008;"Apr";4.5;15.37;-30.22
2008;"May";-3.5;13.51;-26.93
2008;"Jun";4.2;30.76;0.59
2008;"Jul";2.2;42.81;10.63
2008;"Aug";9.1;17.88;-10.63
2008;"Sep";13.5;34.4;8.17
2008;"Oct";13.4;21.19;-15.1
2008;"Nov";17.1;77.14;29.83
2008;"Dec";13.3;70.96;-0.94
2009;"Jan";9.4;178.2;77.31
2009;"Feb";14.8;127.65;38.59
2009;"Mar";0.2;30.98;-43.74
2009;"Apr";8.6;47.23;1.64
2009;"May";-7.4;29.99;-10.45
2009;"Jun";-2.3;33.02;2.85
2009;"Jul";1.6;16.91;-15.27
2009;"Aug";-5;16.19;-12.32
2009;"Sep";3.9;21.03;-5.2
2009;"Oct";-14.7;23.52;-12.77
2009;"Nov";-6;37.22;-10.09
2009;"Dec";-7;81.95;10.05
2010;"Jan";-10.1;133.18;32.29
2010;"Feb";-14.5;158.45;69.39
2010;"Mar";-10.6;103.32;28.6
2010;"Apr";15.2;55.58;9.99
2010;"May";10;29.3;-11.14
2010;"Jun";1.8;18.02;-12.15
2010;"Jul";20.5;42.64;10.46
2010;"Aug";18.8;47.45;18.94
2010;"Sep";24.9;73.74;47.51
2010;"Oct";18.3;75.33;39.04
2010;"Nov";16.4;113.07;65.76
2010;"Dec";27.1;178.31;106.41
2011;"Jan";19.9;131.21;30.32
2011;"Feb";22.3;120.6;31.54
2011;"Mar";21.4;169.23;94.51
2011;"Apr";25.1;38.09;-7.5
2011;"May";2.1;22.69;-17.75
2011;"Jun";0.2;27.41;-2.76
2011;"Jul";10.7;22.58;-9.6
2011;"Aug";2.1;27.7;-0.81
2011;"Sep";11.7;24.11;-2.12
2011;"Oct";7.3;38.08;1.79
2011;"Nov";13.8;72.61;25.3
2011;"Dec";23;102.82;30.92
2012;"Jan";9.4;121.13;20.24
2012;"Feb";2.5;108.17;19.11
2012;"Mar";2.9;159.18;84.46
2012;"Apr";-7.1;26.89;-18.7
2012;"May";-2.7;34.59;-5.85
2012;"Jun";-10.4;40.95;10.78
2012;"Jul";-1.7;42.39;10.21
2012;"Aug";-5;15;-13.51
2012;"Sep";2.6;16.44;-9.79
2012;"Oct";2.4;18;-18.29
2012;"Nov";3.9;30.27;-17.04
2012;"Dec";-6;42.82;-29.08
2013;"Jan";-1.1;105.11;4.22
2013;"Feb";-3.6;69.99;-19.07
2013;"Mar";10.5;72.19;-2.53
2013;"Apr";0.3;30.69;-14.9
2013;"May";8.4;33.58;-6.86
2013;"Jun";13.9;35.82;5.65
2013;"Jul";8.1;24.71;-7.47
2013;"Aug";-0.5;18.15;-10.36
2013;"Sep";3.9;19.26;-6.97
2013;"Oct";-1.9;17.99;-18.3
2013;"Nov";9.2;60.54;13.23
2013;"Dec";0.6;29.37;-42.53
2014;"Jan";12.2;59.32;-41.57
2014;"Feb";-1.3;127.69;38.63
2014;"Mar";-13.3;80.24;5.52
2014;"Apr";8.6;43.63;-1.96
2014;"May";4.4;18.48;-21.96
2014;"Jun";-1.5;31.66;1.49
2014;"Jul";-3;14.37;-17.81
2014;"Aug";-11.4;32.56;4.05
2014;"Sep";-7.6;21.93;-4.3
2014;"Oct";-8;13.2;-23.09
2014;"Nov";-10;23.46;-23.85
2014;"Dec";-5.5;85.05;13.15
2015;"Jan";-7.8;119.62;18.73
2015;"Feb";0.6;52.93;-36.13
2015;"Mar";-11.2;39.33;-35.39
2015;"Apr";-3.8;39.93;-5.66
2015;"May";-13.7;30.08;-10.36
2015;"Jun";-12;34.03;3.86
2015;"Jul";-14.7;23.01;-9.17
2015;"Aug";-19.8;23.64;-4.87
2015;"Sep";-17.8;11.21;-15.02
2015;"Oct";-20.2;17.75;-18.54
2015;"Nov";-5.3;48.41;1.1
2015;"Dec";-9.1;82.73;10.83
2016;"Jan";-19.7;89.87;-11.02
2016;"Feb";-19.7;55.47;-33.59
2016;"Mar";-4.7;81.81;7.09
2016;"Apr";-22;14.46;-31.13
2016;"May";2.8;51.97;11.53
2016;"Jun";5.8;82.34;52.17
2016;"Jul";4.2;60.81;28.63
2016;"Aug";5.3;41.75;13.24
2016;"Sep";13.5;84.07;57.84
2016;"Oct";-4.3;32.66;-3.63
2016;"Nov";-0.7;28.49;-18.82
2016;"Dec";2.6;62.62;-9.28
2017;"Jan";1.3;106.52;5.63
2017;"Feb";-2.2;57.82;-31.24
2017;"Mar";5.1;103.64;28.92
2017;"Apr";-6.3;23.37;-22.22
2017;"May";0.5;32;-8.44
2017;"Jun";-10.4;12.91;-17.26
2017;"Jul";8.1;17.57;-14.61
2017;"Aug";3.3;18.41;-10.1
2017;"Sep";6.9;10.25;-15.98
2017;"Oct";9.1;69.6;33.31
2017;"Nov";11.8;44.61;-2.7
2017;"Dec";-1.4;49.69;-22.21
2018;"Jan";8.9;63.69;-37.2
2018;"Feb";-6;80.21;-8.85
2018;"Mar";10.5;108.17;33.45
2018;"Apr";4.5;14.4;-31.19
2018;"May";2.1;14.51;-25.93
2018;"Jun";-5.5;20.63;-9.54
2018;"Jul";1.6;15.31;-16.87
2018;"Aug";-6.9;16.49;-12.02
2018;"Sep";-10;10.04;-16.19
2018;"Oct";3;38.63;2.34
2018;"Nov";-0.1;40.07;-7.24
2018;"Dec";9.3;67.67;-4.23
2019;"Jan";-0.6;73.3;-27.59
2019;"Feb";-13.5;95.51;6.45
2019;"Mar";-6.8;100.94;26.22
2019;"Apr";-1.3;29.8;-15.79
2019;"May";-9;26.32;-14.12
2019;"Jun";-10.4;21.36;-8.81
2019;"Jul";-5.6;19.48;-12.7
2019;"Aug";-4.4;11.93;-16.58
2019;"Sep";-12.4;10.71;-15.52
2019;"Oct";-5.6;14.79;-21.5
2019;"Nov";-9.3;20.12;-27.19
2019;"Dec";-5.5;17.5;-54.4
